[
  {
    "name": "Adeyemi College of Education, Ondo",
    "city": "Ondo",
    "code": "ACE Ondo"
  },
  {
    "name": "Alvan Ikoku College of Education, Owerri",
    "city": "Owerri",
    "code": "AICE Owerri"
  },
  {
    "name": "Federal College of Educ. Abeokuta",
    "city": "Abeokuta",
    "code": "FCE Abeokuta"
  },
  {
    "name": "Federal College of Education, Eha-Amufu",
    "city": "Eha-Amufu",
    "code": "FCE, Eha-Amufu"
  },
  {
    "name": "Federal College of Education, Kano",
    "city": "Kano",
    "code": "FCE Kano"
  },
  {
    "name": "Federal College of Education, Katsina",
    "city": "Katsina",
    "code": "FCE Katsina"
  },
  {
    "name": "Federal college of Education, Kontagora",
    "city": "Kontagora",
    "code": "FCE Kontagora"
  },
  {
    "name": "Federal College of Education, Obudu",
    "city": "Obudu",
    "code": "FCE Obudu"
  },
  {
    "name": "Federal College of Education, Okene",
    "city": "Okene",
    "code": "FCE Okene"
  },
  {
    "name": "Federal College of Education, Pankshin",
    "city": "Pankshin",
    "code": "FCE Pankshin"
  },
  {
    "name": " Federal College of Education, Yola",
    "city": "Yola",
    "code": "FCE Yola"
  },
  {
    "name": "Federal College of Education, Zaria",
    "city": "Zaria",
    "code": "FCE Zaria"
  },
  {
    "name": "Federal College of Education (Technical), Akoka",
    "city": "Akoka",
    "code": "FCE Akoka"
  },
  {
    "name": "Federal College of Education (Technical), Asaba",
    "city": "Asaba",
    "code": "FCE Asaba"
  },
  {
    "name": "Federal College of Education (Technical), Bichi",
    "city": "Bichi",
    "code": "FCE Bichi"
  },
  {
    "name": "Federal College of Education (Technical), Gombe",
    "city": "Gombe",
    "code": "FCE Gombe"
  },
  {
    "name": "Federal College of Education (Technical) (Female Only), Gusau",
    "city": "Gusau",
    "code": "FCE Gusau"
  },
  {
    "name": "Fed College of Education (Technical), Omoku",
    "city": "Omoku",
    "code": "FCE Omoku"
  },
  {
    "name": "Federal College of Education (Technical), Potiskum",
    "city": "Potiskum",
    "code": "FCE Potiskum"
  },
  {
    "name": "Federal College of Education (Technical) Umunze",
    "city": "Umunze",
    "code": "FCE Umunze"
  },
  {
    "name": "Federal College of Education (Special) Oyo",
    "city": "Oyo",
    "code": "FCE Oyo"
  },
  {
    "name": "College of Education, Agbor",
    "city": "Agbor",
    "code": "CE Agbor"
  },
  {
    "name": "Akwa-Ibom State College of Education, Afaha-Nsit",
    "city": "Afaha-Nsit",
    "code": "ASCE Afaha-Nsit"
  },
  {
    "name": "College of Education, Akwanga",
    "city": "Akwanga",
    "code": "CE Akwanga"
  },
  {
    "name": "College of Education, Ankpa",
    "city": "Ankpa",
    "code": "CE Ankpa"
  },
  {
    "name": "Adamu Augie College of Education, Argungu",
    "city": "Argungu",
    "code": "AACE Argungu"
  },
  {
    "name": "Abia State College of Education (Technical), Arochukwu",
    "city": "Arochukwu",
    "code": "ABSCE Arochukwu"
  },
  {
    "name": "College of Education, Azare",
    "city": "Azare",
    "code": "CE Azare"
  },
  {
    "name": "Umar-Ibn EI-Kanemi College of Education, Dutsinma",
    "city": "Dutsinma",
    "code": "UECE Dutsinma"
  },
  {
    "name": "Bayelsa State College of Education, Okpoama-Brass",
    "city": "Okpoama-Brass",
    "code": "BSCE Okpoama-Brass"
  },
  {
    "name": "Isa Kaita College of Education, Dutsinma",
    "city": "Dutsinma",
    "code": "IKCE Dutsinma"
  },
  {
    "name": "Emmanuel Alyande College of Education, Oyo",
    "city": "Oyo",
    "code": "EACE Oyo"
  },
  {
    "name": "Enugu State College of Education (Tech.) Enugu",
    "city": "Enugu",
    "code": "ESCE Abakaliki Rd"
  },
  {
    "name": "College of Education, Ekiadolor",
    "city": "Ekiadolor",
    "code": "CE Ekiadolor"
  },
  {
    "name": "Umar Suleiman College of Education, Gashua",
    "city": "Gashua",
    "code": "USCE Gashua"
  },
  {
    "name": "College of Education, Gindiri",
    "city": "Gindiri",
    "code": "CE Gindiri"
  },
  {
    "name": "Jigawa State College of Education, Gumel",
    "city": "Gumel",
    "code": "JSCE Gumel"
  },
  {
    "name": "Michael Otedola College of Primary Education, Moforiji",
    "city": "Moforiji",
    "code": "MOCPE Moforiji"
  },
  {
    "name": "Delta State College of Physical Education, Mosogar",
    "city": "Mosogar",
    "code": "DSCPE Mosogar"
  },
  {
    "name": "College of Education, Port Harcourt",
    "city": "Port Harcourt",
    "code": "CE Port Harcourt"
  },
  {
    "name": "College of Education, Hong",
    "city": "Hong",
    "code": "CE Hong"
  },
  {
    "name": "Adeniran Ogunsanya College of Education, Otto/Ijanikin",
    "city": "Otto/Ijanikin",
    "code": "AOCE Otto/Ijanikin"
  },
  {
    "name": "Tai Solarin College of Education, Ijebu-Ode",
    "city": "Ijebu-Ode",
    "code": "TSCE Ijebu-Ode"
  },
  {
    "name": "Ebonyi State College of Education, Ikwo",
    "city": "Ikwo",
    "code": "ESCE Ikwo"
  },
  {
    "name": "College of Education, Ikere",
    "city": "Ikere",
    "code": "CE Ikere"
  },
  {
    "name": "Osun State College of Education, Ila-Orangun",
    "city": "Ila-Orangun",
    "code": "OSCE Ila-Orangun"
  },
  {
    "name": "College of Education, Ilesha",
    "city": "Ilesha",
    "code": "CE Ilesha"
  },
  {
    "name": "College of Education, Ilorin",
    "city": "Ilorin",
    "code": "CE Ilorin"
  },
  {
    "name": "College of Education, Jalingo",
    "city": "Jalingo",
    "code": "CE Jalingo"
  },
  {
    "name": "College of Education, Gidan-Waya",
    "city": "Gidan-Waya",
    "code": "CE Gidan-Waya"
  },
  {
    "name": "Kano State College of Education, Kumbotso Zaria Rd",
    "city": "Kumbotso Zaria Rd",
    "code": "KSCE Kumbotso Zaria Rd"
  },
  {
    "name": "College of Education, Katsina-Ala",
    "city": "Katsina-Ala",
    "code": "CE Katsina-Ala"
  },
  {
    "name": "Kebbi State College of Education, Argungu",
    "city": "Argungu",
    "code": "KSCE Argungu"
  },
  {
    "name": "College of Education, (Tech), Lafiagi",
    "city": "Lafiagi",
    "code": "CE Lafiagi"
  },
  {
    "name": "Kashim-Ibrahim College of Educ., Maiduguri",
    "city": "Maiduguri",
    "code": "KIC Maiduguri"
  },
  {
    "name": "College of Education, Minna",
    "city": "Minna",
    "code": "CE Minna"
  },
  {
    "name": "Mohammed Goni of Legal and Islamic Studies, Maiduguri",
    "city": "Maiduguri",
    "code": "MGLIS Maiduguri"
  },
  {
    "name": "Nwafor Orizu College of Education, Nsugbe",
    "city": "Nsugbe",
    "code": "NOCE Nsugbe"
  },
  {
    "name": "College of Education, Maru",
    "city": "Maru",
    "code": "CE Maru"
  },
  {
    "name": "College of Education, Oju",
    "city": "Oju",
    "code": "CE Oju"
  },
  {
    "name": "College of Education, Oro",
    "city": "Oro",
    "code": "CE Oro"
  },
  {
    "name": "Oyo State College of Education, Oyo",
    "city": "Oyo",
    "code": "OSCE Oyo"
  },
  {
    "name": "Shehu Shagari College of Education, Sokoto",
    "city": "Sokoto",
    "code": "SSCE Sokoto"
  },
  {
    "name": "College of Education, Waka-Biu",
    "city": "Waka-Biu",
    "code": "CE Waka-Biu"
  },
  {
    "name": "College of Education, Warri",
    "city": "Warri",
    "code": "CE Warri"
  },
  {
    "name": "FCT College of Education",
    "city": "Zuba",
    "code": "FCTCE Zuba"
  },
  {
    "name": "All states College of Education, Ero Community Junction Akure",
    "city": "Akure",
    "code": "ASCE Akure"
  },
  {
    "name": "Angel Crown College of Education, Gidan-Daya",
    "city": "Gidan-Daya",
    "code": "ACCE Gidan-Daya"
  },
  {
    "name": "Ansar-Ud-Deen College of Education, Oshodi",
    "city": "Oshodi",
    "code": "ACE Oshodi"
  },
  {
    "name": "Elder Oyama Memorial College of Education, Obubra",
    "city": "Obubra",
    "code": "EOMCE Obubra"
  },
  {
    "name": "Assanusiyah College of Education, Odeomu",
    "city": "Odeomu",
    "code": "ACE Odeomu"
  },
  {
    "name": "Apa College of Education, Aido Godo-Okpoga",
    "city": "Aido Godo-Okpoga",
    "code": "ACE Aido Godo-Okpoga"
  },
  {
    "name": "African Thinkers Community of inquiry College of Education, Enugu",
    "city": "Enugu",
    "code": "ATCCE Enugu"
  },
  {
    "name": "Awori District College of Education, Bankole Estate Ijako-Ota",
    "city": "Bankole Estate Ijako-Ota",
    "code": "ADCE Bankole Estate Ijako-Ota"
  },
  {
    "name": "Best Legacy College of Education, Ogbomoso",
    "city": "Ogbomoso",
    "code": "BLCE Ogbomoso"
  },
  {
    "name": "Bauchi Institute for Arabic and Islamic Studies, Bauchi",
    "city": "Bauchi",
    "code": "BIAIS Bauchi"
  },
  {
    "name": "Calvin Foundation College of Education, Naka",
    "city": "Naka",
    "code": "CFCE Naka"
  },
  {
    "name": "The College of Education, Nsukka",
    "city": "Nsukka",
    "code": "CE Nsukka"
  },
  {
    "name": "College of Education, Irra Rd. Ilemona",
    "city": "Ilemona",
    "code": "CE Ilemona"
  },
  {
    "name": "Cornerstone College of Education, Ikeja",
    "city": "Ikeja",
    "code": "CCE Ikeja"
  },
  {
    "name": "city College of Education, Maraba Gurku",
    "city": "Maraba Gurku",
    "code": "CCE Maraba Gurku"
  },
  {
    "name": "Delar College of Education, Egbeda",
    "city": "Egbeda",
    "code": "DCE Egbeda"
  },
  {
    "name": "Harvard Wilson College of Education, Aba",
    "city": "Aba",
    "code": "HWCE Aba"
  },
  {
    "name": "Hill College of Education, Gwanji, Akwanga",
    "city": "Akwanga",
    "code": "HCEGA Akwanga"
  },
  {
    "name": "Institute of Ecumenical Education, Enugu",
    "city": "Enugu",
    "code": "IEE Enugu"
  },
  {
    "name": "Jama’Atu Nasir Islam College of Education, Kaduna",
    "city": "Kaduna",
    "code": "JNICE Kaduna"
  },
  {
    "name": "Jibwis College of Arabic and Islamic Education, Gombe",
    "city": "Gombe",
    "code": "JCAIE Gombe"
  },
  {
    "name": "College of Education, Foreign Links Campus Moro, Ife, North",
    "city": "Ife, North",
    "code": "CEFL Ife, North"
  },
  {
    "name": "College of Education, Moro-Ife",
    "city": "Moro-Ife",
    "code": "CE Moro-Ife"
  },
  {
    "name": "Muhyideen College of Education, Ilorin",
    "city": "Ilorin",
    "code": "MCE Ilorin"
  },
  {
    "name": "Mufutau’ Lanihun College of Education, Oremeji",
    "city": "Oremeji",
    "code": "MLCE Oremeji"
  },
  {
    "name": "Nana Aishat Memorial College of Education, Ilorin",
    "city": "Ilorin",
    "code": "NAMCE Ilorin"
  },
  {
    "name": "Institute of Arabic and Islamic Studies, Olodo Ibadan",
    "city": "Olodo Ibadan",
    "code": "IAIS Olodo Ibadan"
  },
  {
    "name": "ONIT College of Education, Abagana",
    "city": "Abagana",
    "code": "ONITCE Abagana"
  },
  {
    "name": "Our Saviour Inst. Of Sci. & Tech. College of Education, Enugu",
    "city": "Enugu",
    "code": "OSISTCE Enugu"
  },
  {
    "name": "The African Church College of Education, Adewale Adegun Avenue",
    "city": "Adewale Adegun Avenue",
    "code": "TACCE Adewale Adegun Avenue"
  },
  {
    "name": "St. Augustine College of Education (Project Time), Yaba",
    "city": "Yaba",
    "code": "SACE Yaba"
  },
  {
    "name": "Topmost College of Education, Ipaja",
    "city": "Ipaja",
    "code": "TCEI Ipaja"
  },
  {
    "name": "Yewa Central College of Education, Adehun Abeokuta",
    "city": "Adehun Abeokuta",
    "code": "YCCE Adehun Abeokuta"
  },
  {
    "name": "Yusuf Bala Usman College of Legal and General Studies, Daura",
    "city": "Daura",
    "code": "YBUCLGS Daura"
  },
  {
    "name": "Kinsey College Of Education, Ilorin South",
    "city": "Ilorin South",
    "code": "KCE Ilorin South"
  }
]